key,value,data
time,1833,9/29/2018
year,1639,9/30/2018
people,1256,10/1/2018
way,1108,10/2/2018
man,1003,10/3/2018
day,940,10/4/2018
thing,776,10/5/2018
child,710,10/6/2018
Mr,673,10/7/2018
government,670,10/8/2018
work,653,10/9/2018
life,645,10/10/2018
woman,631,10/11/2018
system,619,10/12/2018
case,613,10/13/2018
part,612,10/14/2018
group,607,10/15/2018
number,606,10/16/2018
world,600,10/17/2018
house,598,10/18/2018
area,585,10/19/2018
company,579,10/20/2018
problem,565,10/21/2018
service,549,10/22/2018
place,534,10/23/2018
hand,532,10/24/2018
party,529,10/25/2018
school,529,10/26/2018
country,486,10/27/2018
point,484,10/28/2018
week,476,10/29/2018
member,471,10/30/2018
end,458,10/31/2018
state,440,11/1/2018
word,438,11/2/2018
family,428,11/3/2018
fact,426,11/4/2018
head,402,11/5/2018
month,398,11/6/2018
side,398,11/7/2018
business,394,11/8/2018
night,393,11/9/2018
eye,392,11/10/2018
home,390,11/11/2018
question,390,11/12/2018
information,387,11/13/2018
power,385,11/14/2018
change,384,11/15/2018
per_cent,384,11/16/2018
interest,376,11/17/2018
development,375,11/18/2018
money,375,11/19/2018
book,374,11/20/2018
water,372,11/21/2018
other,367,11/22/2018
form,365,11/23/2018
room,364,11/24/2018
level,360,11/25/2018
car,353,11/26/2018
council,348,11/27/2018
policy,348,11/28/2018
market,346,11/29/2018
court,344,11/30/2018
effect,336,12/1/2018
result,334,12/2/2018
idea,328,12/3/2018
use,328,12/4/2018
study,327,12/5/2018
name,326,12/6/2018
job,326,12/7/2018
body,325,12/8/2018
report,325,12/9/2018
line,323,12/10/2018
law,318,12/11/2018
face,315,12/12/2018
friend,315,12/13/2018
authority,313,12/14/2018
road,313,12/15/2018
minister,305,12/16/2018
rate,303,12/17/2018
hour,302,12/18/2018
door,302,12/19/2018
office,300,12/20/2018
right,299,12/21/2018
war,297,12/22/2018
mother,295,12/23/2018
person,290,12/24/2018
reason,289,12/25/2018
view,289,12/26/2018
term,288,12/27/2018
period,283,12/28/2018
centre,282,12/29/2018
society,282,12/30/2018
figure,282,12/31/2018
police,278,1/1/2019
city,275,1/2/2019
need,273,1/3/2019
million,272,1/4/2019
community,272,1/5/2019
kind,271,1/6/2019
price,271,1/7/2019
control,270,1/8/2019
process,269,1/9/2019
action,269,1/10/2019
issue,269,1/11/2019
cost,269,1/12/2019
position,268,1/13/2019
course,267,1/14/2019
minute,266,1/15/2019
education,260,1/16/2019
type,259,1/17/2019
research,258,1/18/2019
subject,256,1/19/2019
programme,255,1/20/2019
girl,254,1/21/2019
moment,254,1/22/2019
father,252,1/23/2019
age,252,1/24/2019
value,250,1/25/2019
force,250,1/26/2019
order,250,1/27/2019
matter,248,1/28/2019
act,248,1/29/2019
health,246,1/30/2019
lot,246,1/31/2019
decision,243,2/1/2019
street,243,2/2/2019
patient,242,2/3/2019
industry,242,2/4/2019
mind,241,2/5/2019
class,241,2/6/2019
church,238,2/7/2019
condition,237,2/8/2019
paper,237,2/9/2019
bank,234,2/10/2019
century,233,2/11/2019
section,232,2/12/2019
hundred,231,2/13/2019
activity,231,2/14/2019
table,231,2/15/2019
death,230,2/16/2019
building,229,2/17/2019
sort,229,2/18/2019
sense,229,2/19/2019
staff,228,2/20/2019
team,226,2/21/2019
experience,223,2/22/2019
student,222,2/23/2019
Mrs,221,2/24/2019
language,221,2/25/2019
town,221,2/26/2019
plan,220,2/27/2019
department,219,2/28/2019
morning,219,3/1/2019
management,219,3/2/2019
product,217,3/3/2019
committee,217,3/4/2019
practice,216,3/5/2019
ground,215,3/6/2019
meeting,215,3/7/2019
evidence,215,3/8/2019
letter,215,3/9/2019
foot,214,3/10/2019
boy,213,3/11/2019
game,212,3/12/2019
back,212,3/13/2019
union,211,3/14/2019
food,211,3/15/2019
role,210,3/16/2019
event,208,3/17/2019
land,208,3/18/2019
art,206,3/19/2019
support,204,3/20/2019
voice,203,3/21/2019
stage,203,3/22/2019
teacher,203,3/23/2019
range,203,3/24/2019
trade,203,3/25/2019
club,202,3/26/2019
arm,202,3/27/2019
field,201,3/28/2019
history,201,3/29/2019
parent,201,3/30/2019
account,200,3/31/2019
material,199,4/1/2019
situation,198,4/2/2019
care,198,4/3/2019
record,197,4/4/2019
manager,197,4/5/2019
project,197,4/6/2019
example,196,4/7/2019
training,194,4/8/2019
window,194,4/9/2019
light,191,4/10/2019
difference,191,4/11/2019
university,191,4/12/2019
air,191,4/13/2019
wife,190,4/14/2019
sir,189,4/15/2019
relationship,189,4/16/2019
quality,188,4/17/2019
rule,187,4/18/2019
tax,184,4/19/2019
story,184,4/20/2019
pound,184,4/21/2019
worker,184,4/22/2019
model,183,4/23/2019
data,183,4/24/2019
nature,182,4/25/2019
officer,181,4/26/2019
structure,181,4/27/2019
method,180,4/28/2019
hospital,180,4/29/2019
bed,180,4/30/2019
unit,180,5/1/2019
movement,179,5/2/2019
detail,178,5/3/2019
date,177,5/4/2019
wall,175,5/5/2019
computer,174,5/6/2019
approach,171,5/7/2019
bit,171,5/8/2019
amount,171,5/9/2019
award,170,5/10/2019
scheme,170,5/11/2019
president,170,5/12/2019
chapter,169,5/13/2019
theory,168,5/14/2019
property,167,5/15/2019
son,166,5/16/2019
director,165,5/17/2019
leader,165,5/18/2019
south,165,5/19/2019
firm,163,5/20/2019
application,163,5/21/2019
north,163,5/22/2019
king,162,5/23/2019
Secretary,162,5/24/2019
board,162,5/25/2019
production,162,5/26/2019
operation,161,5/27/2019
share,161,5/28/2019
chance,161,5/29/2019
opportunity,161,5/30/2019
lord,160,5/31/2019
agreement,160,6/1/2019
picture,159,6/2/2019
test,159,6/3/2019
contract,159,6/4/2019
thousand,158,6/5/2019
security,158,6/6/2019
source,157,6/7/2019
election,157,6/8/2019
future,156,6/9/2019
colour,156,6/10/2019
site,155,6/11/2019
shop,154,6/12/2019
loss,154,6/13/2019
animal,153,6/14/2019
evening,153,6/15/2019
heart,152,6/16/2019
p,152,6/17/2019
standard,152,6/18/2019
purpose,152,6/19/2019
benefit,152,6/20/2019
page,151,6/21/2019
music,150,6/22/2019
hair,150,6/23/2019
doctor,150,6/24/2019
love,150,6/25/2019
factor,150,6/26/2019
pattern,149,6/27/2019
charge,149,6/28/2019
piece,148,6/29/2019
design,148,6/30/2019
tree,147,7/1/2019
population,147,7/2/2019
plant,146,7/3/2019
performance,146,7/4/2019
pressure,146,7/5/2019
knowledge,146,7/6/2019
news,145,7/7/2019
fire,145,7/8/2019
basis,145,7/9/2019
environment,144,7/10/2019
garden,144,7/11/2019
size,144,7/12/2019
series,144,7/13/2019
success,143,7/14/2019
rest,143,7/15/2019
analysis,143,7/16/2019
thought,142,7/17/2019
region,141,7/18/2019
relation,140,7/19/2019
set,140,7/20/2019
statement,140,7/21/2019
space,140,7/22/2019
list,140,7/23/2019
attention,140,7/24/2019
labour,139,7/25/2019
demand,139,7/26/2019
step,139,7/27/2019
principle,139,7/28/2019
Sea,139,7/29/2019
player,138,7/30/2019
couple,138,7/31/2019
hotel,138,8/1/2019
choice,138,8/2/2019
capital,138,8/3/2019
station,137,8/4/2019
village,137,8/5/2019
film,136,8/6/2019
association,135,8/7/2019
attempt,135,8/8/2019
income,135,8/9/2019
individual,135,8/10/2019
feature,135,8/11/2019
cup,134,8/12/2019
organisation,134,8/13/2019
effort,134,8/14/2019
technology,133,8/15/2019
machine,132,8/16/2019
difficulty,132,8/17/2019
cell,131,8/18/2019
energy,131,8/19/2019
treatment,131,8/20/2019
degree,131,8/21/2019
growth,131,8/22/2019
lady,130,8/23/2019
mile,130,8/24/2019
top,129,8/25/2019
risk,129,8/26/2019
task,129,8/27/2019
function,129,8/28/2019
provision,129,8/29/2019
county,129,8/30/2019
sound,129,8/31/2019
behaviour,128,9/1/2019
east,128,9/2/2019
defence,128,9/3/2019
resource,128,9/4/2019
floor,127,9/5/2019
west,127,9/6/2019
science,127,9/7/2019
style,127,9/8/2019
college,126,9/9/2019
horse,126,9/10/2019
response,126,9/11/2019
skill,126,9/12/2019
hall,126,9/13/2019
feeling,126,9/14/2019
user,125,9/15/2019
character,125,9/16/2019
army,124,9/17/2019
dog,124,9/18/2019
investment,124,9/19/2019
Dr,124,9/20/2019
look,124,9/21/2019
answer,124,9/22/2019
economy,124,9/23/2019
brother,123,9/24/2019
husband,123,9/25/2019
argument,122,9/26/2019
responsibility,122,9/27/2019
season,122,9/28/2019
concern,121,9/29/2019
bill,121,9/30/2019
glass,120,10/1/2019
element,120,10/2/2019
duty,119,10/3/2019
increase,119,10/4/2019
claim,118,10/5/2019
leg,118,10/6/2019
title,118,10/7/2019
park,118,10/8/2019
fund,118,10/9/2019
one,118,10/10/2019
note,117,10/11/2019
discussion,116,10/12/2019
chairman,116,10/13/2019
aspect,116,10/14/2019
summer,116,10/15/2019
sun,115,10/16/2019
daughter,115,10/17/2019
baby,115,10/18/2019
institution,114,10/19/2019
box,114,10/20/2019
customer,114,10/21/2019
River,114,10/22/2019
profit,113,10/23/2019
conference,112,10/24/2019
stone,112,10/25/2019
division,112,10/26/2019
measure,112,10/27/2019
procedure,111,10/28/2019
post,111,10/29/2019
proposal,111,10/30/2019
commission,111,10/31/2019
image,110,11/1/2019
help,110,11/2/2019
sector,110,11/3/2019
oil,110,11/4/2019
circumstance,110,11/5/2019
client,110,11/6/2019
direction,109,11/7/2019
seat,109,11/8/2019
attack,109,11/9/2019
attitude,108,11/10/2019
disease,107,11/11/2019
employment,107,11/12/2019
goal,107,11/13/2019
sign,106,11/14/2019
appeal,106,11/15/2019
affair,106,11/16/2019
technique,105,11/17/2019
show,105,11/18/2019
campaign,105,11/19/2019
item,105,11/20/2019
medium,105,11/21/2019
holiday,105,11/22/2019
version,105,11/23/2019
ability,105,11/24/2019
fish,105,11/25/2019
pupil,105,11/26/2019
advice,104,11/27/2019
press,104,11/28/2019
sales,104,11/29/2019
library,104,11/30/2019
drug,104,12/1/2019
visit,104,12/2/2019
surface,103,12/3/2019
advantage,103,12/4/2019
memory,102,12/5/2019
variety,102,12/6/2019
return,102,12/7/2019
culture,102,12/8/2019
Island,102,12/9/2019
blood,102,12/10/2019
television,102,12/11/2019
majority,101,12/12/2019
speaker,101,12/13/2019
goods,101,12/14/2019
competition,101,12/15/2019
talk,101,12/16/2019
parliament,101,12/17/2019
bar,101,12/18/2019
extent,101,12/19/2019
no,100,12/20/2019
access,100,12/21/2019
star,100,12/22/2019
text,100,12/23/2019
deal,100,12/24/2019
mouth,99,12/25/2019
trouble,99,12/26/2019
payment,99,12/27/2019
cause,99,12/28/2019
reference,98,12/29/2019
context,98,12/30/2019
second,98,12/31/2019
survey,98,1/1/2020
facility,98,1/2/2020
object,97,1/3/2020
chair,97,1/4/2020
importance,97,1/5/2020
article,97,1/6/2020
earth,97,1/7/2020
card,96,1/8/2020
collection,96,1/9/2020
planning,96,1/10/2020
public,96,1/11/2020
species,96,1/12/2020
communication,96,1/13/2020
agency,96,1/14/2020
means,96,1/15/2020
possibility,96,1/16/2020
sister,95,1/17/2020
document,95,1/18/2020
supply,95,1/19/2020
budget,94,1/20/2020
solution,94,1/21/2020
influence,94,1/22/2020
software,94,1/23/2020
weight,94,1/24/2020
career,94,1/25/2020
organization,93,1/26/2020
fear,93,1/27/2020
opinion,93,1/28/2020
damage,93,1/29/2020
rock,93,1/30/2020
requirement,93,1/31/2020
district,93,2/1/2020
bird,93,2/2/2020
quarter,92,2/3/2020
stock,92,2/4/2020
exchange,92,2/5/2020
opposition,92,2/6/2020
miss,92,2/7/2020
edge,92,2/8/2020
option,92,2/9/2020
whole,92,2/10/2020
call,92,2/11/2020
network,91,2/12/2020
railway,91,2/13/2020
occasion,91,2/14/2020
aid,91,2/15/2020
match,91,2/16/2020
executive,91,2/17/2020
concept,91,2/18/2020
radio,91,2/19/2020
target,91,2/20/2020
arrangement,91,2/21/2020
lack,90,2/22/2020
corner,90,2/23/2020
race,90,2/24/2020
forest,90,2/25/2020
sex,90,2/26/2020
mum,90,2/27/2020
finger,90,2/28/2020
equipment,89,2/29/2020
ball,89,3/1/2020
crime,89,3/2/2020
message,89,3/3/2020
afternoon,89,3/4/2020
employee,89,3/5/2020
review,89,3/6/2020
scale,89,3/7/2020
strategy,89,3/8/2020
scene,89,3/9/2020
peace,89,3/10/2020
kitchen,89,3/11/2020
sport,89,3/12/2020
speech,89,3/13/2020
partner,88,3/14/2020
christmas,88,3/15/2020
tea,88,3/16/2020
failure,88,3/17/2020
shoulder,88,3/18/2020
Hill,88,3/19/2020
band,88,3/20/2020
reader,88,3/21/2020
expression,88,3/22/2020
sale,88,3/23/2020
status,88,3/24/2020
owner,87,3/25/2020
trust,87,3/26/2020
truth,87,3/27/2020
turn,87,3/28/2020
marriage,87,3/29/2020
base,86,3/30/2020
farm,86,3/31/2020
sentence,86,4/1/2020
past,86,4/2/2020
start,86,4/3/2020
safety,86,4/4/2020
file,86,4/5/2020
trial,86,4/6/2020
newspaper,86,4/7/2020
league,85,4/8/2020
balance,85,4/9/2020
copy,85,4/10/2020
wind,85,4/11/2020
nation,85,4/12/2020
branch,85,4/13/2020
length,85,4/14/2020
front,84,4/15/2020
doubt,84,4/16/2020
train,84,4/17/2020
move,84,4/18/2020
pain,84,4/19/2020
studio,84,4/20/2020
accident,84,4/21/2020
spirit,84,4/22/2020
official,83,4/23/2020
contact,83,4/24/2020
strength,83,4/25/2020
transport,82,4/26/2020
works,82,4/27/2020
gas,82,4/28/2020
contribution,82,4/29/2020
museum,82,4/30/2020
cash,82,5/1/2020
reform,82,5/2/2020
shape,82,5/3/2020
debate,82,5/4/2020
pair,81,5/5/2020
protection,81,5/6/2020
english,81,5/7/2020
artist,81,5/8/2020
presence,81,5/9/2020
agent,81,5/10/2020
rise,81,5/11/2020
meaning,80,5/12/2020
master,80,5/13/2020
hope,80,5/14/2020
driver,80,5/15/2020
candidate,80,5/16/2020
vote,80,5/17/2020
queen,80,5/18/2020
play,79,5/19/2020
exercise,79,5/20/2020
adult,79,5/21/2020
consequence,79,5/22/2020
proportion,78,5/23/2020
speed,78,5/24/2020
assessment,78,5/25/2020
consideration,78,5/26/2020
fig,78,5/27/2020
beginning,78,5/28/2020
route,78,5/29/2020
understanding,77,5/30/2020
impact,77,5/31/2020
credit,77,6/1/2020
track,76,6/2/2020
danger,76,6/3/2020
progress,76,6/4/2020
reaction,76,6/5/2020
path,76,6/6/2020
half,76,6/7/2020
video,76,6/8/2020
flower,76,6/9/2020
distance,75,6/10/2020
skin,75,6/11/2020
belief,75,6/12/2020
comment,75,6/13/2020
content,75,6/14/2020
bag,75,6/15/2020
conclusion,75,6/16/2020
aim,75,6/17/2020
link,75,6/18/2020
justice,75,6/19/2020
gold,75,6/20/2020
politics,75,6/21/2020
dad,74,6/22/2020
estate,74,6/23/2020
sight,74,6/24/2020
winter,74,6/25/2020
boat,74,6/26/2020
prison,74,6/27/2020
wine,74,6/28/2020
reality,74,6/29/2020
weekend,73,6/30/2020
writer,73,7/1/2020
clothes,73,7/2/2020
vehicle,73,7/3/2020
debt,73,7/4/2020
objective,73,7/5/2020
offer,73,7/6/2020
employer,73,7/7/2020
colleague,72,7/8/2020
battle,72,7/9/2020
hole,72,7/10/2020
expert,72,7/11/2020
farmer,72,7/12/2020
package,72,7/13/2020
injury,72,7/14/2020
telephone,72,7/15/2020
sample,71,7/16/2020
key,71,7/17/2020
painting,71,7/18/2020
insurance,71,7/19/2020
confidence,71,7/20/2020
phone,71,7/21/2020
generation,71,7/22/2020
threat,70,7/23/2020
judge,70,7/24/2020
conflict,70,7/25/2020
ship,70,7/26/2020
visitor,70,7/27/2020
drink,70,7/28/2020
commitment,70,7/29/2020
legislation,70,7/30/2020
volume,70,7/31/2020
smile,69,8/1/2020
entry,69,8/2/2020
yard,69,8/3/2020
stuff,69,8/4/2020
introduction,69,8/5/2020
background,69,8/6/2020
cabinet,69,8/7/2020
engine,69,8/8/2020
administration,69,8/9/2020
victim,69,8/10/2020
author,69,8/11/2020
manner,69,8/12/2020
bus,68,8/13/2020
song,68,8/14/2020
investigation,68,8/15/2020
relief,68,8/16/2020
wage,68,8/17/2020
row,68,8/18/2020
regulation,68,8/19/2020
Mountain,68,8/20/2020
coffee,68,8/21/2020
tradition,67,8/22/2020
tour,67,8/23/2020
football,67,8/24/2020
interview,67,8/25/2020
wood,67,8/26/2020
exhibition,67,8/27/2020
category,67,8/28/2020
traffic,67,8/29/2020
dinner,67,8/30/2020
consumer,67,8/31/2020
meal,67,9/1/2020
construction,66,9/2/2020
bridge,66,9/3/2020
gentleman,66,9/4/2020
description,66,9/5/2020
tv,66,9/6/2020
lip,66,9/7/2020
housing,66,9/8/2020
improvement,66,9/9/2020
existence,66,9/10/2020
appearance,66,9/11/2020
flat,66,9/12/2020
discipline,66,9/13/2020
sheet,66,9/14/2020
session,66,9/15/2020
contrast,66,9/16/2020
distribution,66,9/17/2020
loan,65,9/18/2020
representative,65,9/19/2020
conversation,65,9/20/2020
prince,65,9/21/2020
audience,65,9/22/2020
crisis,65,9/23/2020
theatre,65,9/24/2020
code,65,9/25/2020
respect,64,9/26/2020
unemployment,64,9/27/2020
freedom,64,9/28/2020
plate,64,9/29/2020
magazine,64,9/30/2020
explanation,64,10/1/2020
flight,64,10/2/2020
rain,64,10/3/2020
pension,64,10/4/2020
asset,64,10/5/2020
writing,64,10/6/2020
limit,64,10/7/2020
youth,63,10/8/2020
dream,63,10/9/2020
challenge,63,10/10/2020
while,63,10/11/2020
spring,63,10/12/2020
capacity,63,10/13/2020
factory,63,10/14/2020
victory,63,10/15/2020
selection,63,10/16/2020
finance,63,10/17/2020
intention,62,10/18/2020
examination,62,10/19/2020
egg,62,10/20/2020
thanks,62,10/21/2020
aircraft,62,10/22/2020
decade,62,10/23/2020
output,62,10/24/2020
mark,62,10/25/2020
notice,62,10/26/2020
definition,62,10/27/2020
reduction,61,10/28/2020
will,61,10/29/2020
offence,61,10/30/2020
tape,60,10/31/2020
run,60,11/1/2020
address,60,11/2/2020
neck,60,11/3/2020
murder,60,11/4/2020
bottom,60,11/5/2020
appointment,60,11/6/2020
concentration,60,11/7/2020
pp,60,11/8/2020
kid,60,11/9/2020
bedroom,60,11/10/2020
enterprise,60,11/11/2020
middle,60,11/12/2020
weapon,60,11/13/2020
error,59,11/14/2020
absence,59,11/15/2020
birth,59,11/16/2020
bottle,59,11/17/2020
criticism,59,11/18/2020
acid,59,11/19/2020
transfer,59,11/20/2020
module,59,11/21/2020
assembly,59,11/22/2020
ear,59,11/23/2020
instruction,59,11/24/2020
teaching,59,11/25/2020
settlement,59,11/26/2020
store,59,11/27/2020
wave,59,11/28/2020
pleasure,58,11/29/2020
implication,58,11/30/2020
channel,58,12/1/2020
lead,58,12/2/2020
grant,58,12/3/2020
temperature,58,12/4/2020
cut,58,12/5/2020
recognition,58,12/6/2020
fee,58,12/7/2020
republic,58,12/8/2020
waste,58,12/9/2020
solicitor,58,12/10/2020
desire,58,12/11/2020
weather,58,12/12/2020
component,58,12/13/2020
lunch,58,12/14/2020
institute,58,12/15/2020
photograph,58,12/16/2020
expenditure,57,12/17/2020
silence,57,12/18/2020
household,57,12/19/2020
block,57,12/20/2020
brain,57,12/21/2020
publication,57,12/22/2020
program,57,12/23/2020
guest,57,12/24/2020
treaty,57,12/25/2020
nurse,57,12/26/2020
screen,57,12/27/2020
guide,57,12/28/2020
experiment,57,12/29/2020
map,56,12/30/2020
sequence,56,12/31/2020
crowd,56,1/1/2021
captain,56,1/2/2021
metal,56,1/3/2021
trip,56,1/4/2021
pool,56,1/5/2021
phase,56,1/6/2021
sky,56,1/7/2021
cover,56,1/8/2021
connection,56,1/9/2021
violence,56,1/10/2021
scientist,56,1/11/2021
sum,56,1/12/2021
search,56,1/13/2021
noise,56,1/14/2021
assumption,56,1/15/2021
curriculum,56,1/16/2021
congress,56,1/17/2021
initiative,56,1/18/2021
journey,56,1/19/2021
ministry,55,1/20/2021
cat,55,1/21/2021
heat,55,1/22/2021
instrument,55,1/23/2021
location,55,1/24/2021
display,55,1/25/2021
gate,55,1/26/2021
theme,55,1/27/2021
gun,55,1/28/2021
gallery,55,1/29/2021
reading,55,1/30/2021
professor,55,1/31/2021
emphasis,55,2/1/2021
learning,54,2/2/2021
opening,54,2/3/2021
interpretation,54,2/4/2021
combination,54,2/5/2021
tooth,54,2/6/2021
hell,54,2/7/2021
prospect,54,2/8/2021
priority,54,2/9/2021
tool,54,2/10/2021
drive,54,2/11/2021
troop,54,2/12/2021
faith,54,2/13/2021
soldier,54,2/14/2021
spot,54,2/15/2021
lane,53,2/16/2021
crown,53,2/17/2021
coal,53,2/18/2021
castle,53,2/19/2021
membership,53,2/20/2021
revenue,53,2/21/2021
flow,53,2/22/2021
mistake,53,2/23/2021
total,53,2/24/2021
breath,53,2/25/2021
release,53,2/26/2021
motion,53,2/27/2021
corp,53,2/28/2021
variation,53,3/1/2021
literature,53,3/2/2021
wing,53,3/3/2021
alternative,53,3/4/2021
criterion,52,3/5/2021
ring,52,3/6/2021
incident,52,3/7/2021
index,52,3/8/2021
suggestion,52,3/9/2021
winner,52,3/10/2021
border,52,3/11/2021
pocket,52,3/12/2021
valley,52,3/13/2021
passage,52,3/14/2021
religion,51,3/15/2021
leaf,51,3/16/2021
square,51,3/17/2021
pub,51,3/18/2021
surprise,51,3/19/2021
characteristic,51,3/20/2021
Lake,51,3/21/2021
fruit,51,3/22/2021
request,51,3/23/2021
restaurant,51,3/24/2021
foundation,51,3/25/2021
tone,51,3/26/2021
engineering,51,3/27/2021
device,51,3/28/2021
billion,51,3/29/2021
walk,51,3/30/2021
specialist,51,3/31/2021
deputy,51,4/1/2021
representation,51,4/2/2021
observation,50,4/3/2021
shot,50,4/4/2021
circle,50,4/5/2021
present,50,4/6/2021
fall,50,4/7/2021
strike,50,4/8/2021
creation,50,4/9/2021
chain,50,4/10/2021
marketing,49,4/11/2021
god,49,4/12/2021
mechanism,49,4/13/2021
impression,49,4/14/2021
clause,49,4/15/2021
coast,49,4/16/2021
atmosphere,49,4/17/2021
neighbour,49,4/18/2021
revolution,49,4/19/2021
defendant,49,4/20/2021
mass,49,4/21/2021
fashion,49,4/22/2021
championship,49,4/23/2021
distinction,49,4/24/2021
enemy,49,4/25/2021
leadership,49,4/26/2021
desk,49,4/27/2021
panel,49,4/28/2021
tear,49,4/29/2021
dress,48,4/30/2021
negotiation,48,5/1/2021
establishment,48,5/2/2021
liability,48,5/3/2021
iron,48,5/4/2021
roof,48,5/5/2021
welfare,48,5/6/2021
fan,48,5/7/2021
advance,48,5/8/2021
milk,48,5/9/2021
drawing,48,5/10/2021
ticket,48,5/11/2021
motor,48,5/12/2021
soil,48,5/13/2021
shoe,48,5/14/2021
engineer,48,5/15/2021
beach,48,5/16/2021
nose,48,5/17/2021
tank,48,5/18/2021
servant,48,5/19/2021
potential,48,5/20/2021
origin,48,5/21/2021
vision,47,5/22/2021
palace,47,5/23/2021
height,47,5/24/2021
expense,47,5/25/2021
trend,47,5/26/2021
editor,47,5/27/2021
general,47,5/28/2021
warning,47,5/29/2021
chief,47,5/30/2021
significance,47,5/31/2021
cancer,47,6/1/2021
citizen,47,6/2/2021
convention,47,6/3/2021
bone,47,6/4/2021
fuel,47,6/5/2021
round,47,6/6/2021
champion,47,6/7/2021
gift,47,6/8/2021
prisoner,47,6/9/2021
cross,46,6/10/2021
living,46,6/11/2021
achievement,46,6/12/2021
signal,46,6/13/2021
outcome,46,6/14/2021
mp,46,6/15/2021
knee,46,6/16/2021
rail,46,6/17/2021
comparison,46,6/18/2021
notion,46,6/19/2021
expectation,46,6/20/2021
lawyer,46,6/21/2021
lesson,46,6/22/2021
democracy,46,6/23/2021
working,46,6/24/2021
co,46,6/25/2021
diet,46,6/26/2021
being,46,6/27/2021
parish,46,6/28/2021
passenger,45,6/29/2021
root,45,6/30/2021
manufacturer,45,7/1/2021
complaint,45,7/2/2021
shadow,45,7/3/2021
territory,45,7/4/2021
touch,45,7/5/2021
tenant,45,7/6/2021
plastic,45,7/7/2021
councillor,45,7/8/2021
m,45,7/9/2021
inflation,45,7/10/2021
gap,45,7/11/2021
plane,45,7/12/2021
corporation,45,7/13/2021
breakfast,45,7/14/2021
shock,45,7/15/2021
pay,45,7/16/2021
score,45,7/17/2021
grass,45,7/18/2021
independence,45,7/19/2021
charity,45,7/20/2021
column,45,7/21/2021
finding,45,7/22/2021
beauty,44,7/23/2021
boundary,44,7/24/2021
database,44,7/25/2021
ref,44,7/26/2021
formation,44,7/27/2021
supporter,44,7/28/2021
accommodation,44,7/29/2021
transaction,44,7/30/2021
politician,44,7/31/2021
male,44,8/1/2021
exception,44,8/2/2021
struggle,44,8/3/2021
resident,44,8/4/2021
identity,44,8/5/2021
inquiry,44,8/6/2021
licence,44,8/7/2021
topic,44,8/8/2021
resolution,44,8/9/2021
buyer,44,8/10/2021
dispute,44,8/11/2021
assistance,43,8/12/2021
novel,43,8/13/2021
preparation,43,8/14/2021
proceeding,43,8/15/2021
metre,43,8/16/2021
phrase,43,8/17/2021
mirror,43,8/18/2021
camp,43,8/19/2021
emergency,43,8/20/2021
currency,43,8/21/2021
break,43,8/22/2021
thinking,43,8/23/2021
tension,43,8/24/2021
quantity,43,8/25/2021
taste,43,8/26/2021
fault,43,8/27/2021
minority,43,8/28/2021
pilot,43,8/29/2021
unix,42,8/30/2021
tower,42,8/31/2021
involvement,42,9/1/2021
stress,42,9/2/2021
spokesman,42,9/3/2021
coat,42,9/4/2021
premise,42,9/5/2021
prize,42,9/6/2021
manufacturing,42,9/7/2021
extension,42,9/8/2021
constitution,42,9/9/2021
partnership,42,9/10/2021
pollution,42,9/11/2021
gene,42,9/12/2021
mill,42,9/13/2021
wheel,41,9/14/2021
string,41,9/15/2021
depth,41,9/16/2021
delivery,41,9/17/2021
obligation,41,9/18/2021
regime,41,9/19/2021
decline,41,9/20/2021
framework,41,9/21/2021
protein,41,9/22/2021
frame,41,9/23/2021
command,41,9/24/2021
inch,41,9/25/2021
female,41,9/26/2021
holder,41,9/27/2021
german,41,9/28/2021
advertising,41,9/29/2021
saving,41,9/30/2021
poem,41,10/1/2021
ice,41,10/2/2021
port,41,10/3/2021
rose,41,10/4/2021
boot,41,10/5/2021
approval,40,10/6/2021
boss,40,10/7/2021
load,40,10/8/2021
setting,40,10/9/2021
bishop,40,10/10/2021
cottage,40,10/11/2021
cycle,40,10/12/2021
governor,40,10/13/2021
stairs,40,10/14/2021
crew,40,10/15/2021
maintenance,40,10/16/2021
chest,40,10/17/2021
travel,40,10/18/2021
protest,40,10/19/2021
restriction,40,10/20/2021
hat,40,10/21/2021
profession,40,10/22/2021
mode,40,10/23/2021
export,40,10/24/2021
funding,40,10/25/2021
recommendation,40,10/26/2021
input,39,10/27/2021
habit,39,10/28/2021
sleep,39,10/29/2021
guard,39,10/30/2021
reputation,39,10/31/2021
countryside,39,11/1/2021
creature,39,11/2/2021
suit,39,11/3/2021
autumn,39,11/4/2021
poll,39,11/5/2021
focus,39,11/6/2021
landscape,39,11/7/2021
green,39,11/8/2021
bomb,39,11/9/2021
recession,39,11/10/2021
recovery,39,11/11/2021
plaintiff,39,11/12/2021
layer,39,11/13/2021
trading,39,11/14/2021
agriculture,39,11/15/2021
purchase,39,11/16/2021
average,39,11/17/2021
empire,39,11/18/2021
shareholder,39,11/19/2021
camera,39,11/20/2021
silver,39,11/21/2021
inspector,39,11/22/2021
critic,39,11/23/2021
judgment,38,11/24/2021
wealth,38,11/25/2021
presentation,38,11/26/2021
muscle,38,11/27/2021
soul,38,11/28/2021
arrival,38,11/29/2021
penalty,38,11/30/2021
electricity,38,12/1/2021
illness,38,12/2/2021
self,38,12/3/2021
bread,38,12/4/2021
resistance,38,12/5/2021
cake,38,12/6/2021
perspective,38,12/7/2021
meat,38,12/8/2021
beer,38,12/9/2021
peak,38,12/10/2021
efficiency,38,12/11/2021
sugar,38,12/12/2021
steel,38,12/13/2021
uncle,38,12/14/2021
drama,38,12/15/2021
laboratory,38,12/16/2021
promotion,37,12/17/2021
chancellor,37,12/18/2021
lifespan,37,12/19/2021
certificate,37,12/20/2021
possession,37,12/21/2021
custom,37,12/22/2021
coach,37,12/23/2021
philosophy,37,12/24/2021
zone,37,12/25/2021
cloud,37,12/26/2021
angle,37,12/27/2021
symptom,37,12/28/2021
alliance,37,12/29/2021
dollar,37,12/30/2021
mood,37,12/31/2021
abuse,37,1/1/2022
variable,37,1/2/2022
pc,37,1/3/2022
bay,37,1/4/2022
ratio,37,1/5/2022
spending,37,1/6/2022
personality,37,1/7/2022
bid,37,1/8/2022
expansion,37,1/9/2022
producer,37,1/10/2022
actor,36,1/11/2022
wedding,36,1/12/2022
bond,36,1/13/2022
tendency,36,1/14/2022
final,36,1/15/2022
estimate,36,1/16/2022
shirt,36,1/17/2022
chip,36,1/18/2022
deposit,36,1/19/2022
chamber,36,1/20/2022
cigarette,36,1/21/2022
researcher,36,1/22/2022
intervention,36,1/23/2022
qualification,36,1/24/2022
reply,36,1/25/2022
guy,36,1/26/2022
core,36,1/27/2022
frequency,36,1/28/2022
gain,36,1/29/2022
rent,36,1/30/2022
honour,36,1/31/2022
dozen,36,2/1/2022
relative,36,2/2/2022
jacket,36,2/3/2022
awareness,36,2/4/2022
secret,36,2/5/2022
festival,36,2/6/2022
phenomenon,36,2/7/2022
furniture,35,2/8/2022
intelligence,35,2/9/2022
recording,35,2/10/2022
investor,35,2/11/2022
dealer,35,2/12/2022
mixture,35,2/13/2022
co-operation,35,2/14/2022
cheek,35,2/15/2022
equation,35,2/16/2022
substance,35,2/17/2022
duke,35,2/18/2022
discovery,35,2/19/2022
dance,35,2/20/2022
throat,35,2/21/2022
routine,35,2/22/2022
apple,35,2/23/2022
tourist,35,2/24/2022
landlord,35,2/25/2022
instance,35,2/26/2022
retirement,35,2/27/2022
lad,35,2/28/2022
american,35,3/1/2022
french,35,3/2/2022
breach,35,3/3/2022
emotion,35,3/4/2022
pipe,35,3/5/2022
promise,35,3/6/2022
scope,34,3/7/2022
birthday,34,3/8/2022
left,34,3/9/2022
pace,34,3/10/2022
golf,34,3/11/2022
sand,34,3/12/2022
enquiry,34,3/13/2022
infection,34,3/14/2022
fun,34,3/15/2022
mortgage,34,3/16/2022
consent,34,3/17/2022
guitar,34,3/18/2022
entrance,34,3/19/2022
hero,34,3/20/2022
curtain,34,3/21/2022
darkness,34,3/22/2022
allowance,34,3/23/2022
hearing,34,3/24/2022
disk,34,3/25/2022
medicine,34,3/26/2022
paragraph,34,3/27/2022
rank,34,3/28/2022
shift,34,3/29/2022
judgement,34,3/30/2022
journal,34,3/31/2022
permission,34,4/1/2022
dna,34,4/2/2022
anger,34,4/3/2022
interaction,34,4/4/2022
fight,34,4/5/2022
tale,34,4/6/2022
witness,34,4/7/2022
stream,34,4/8/2022
cricket,34,4/9/2022
platform,34,4/10/2022
policeman,34,4/11/2022
disaster,34,4/12/2022
carpet,34,4/13/2022
knife,34,4/14/2022
print,34,4/15/2022
mail,34,4/16/2022
curve,34,4/17/2022
reserve,34,4/18/2022
delay,33,4/19/2022
province,33,4/20/2022
peasant,33,4/21/2022
perception,33,4/22/2022
cream,33,4/23/2022
airport,33,4/24/2022
personnel,33,4/25/2022
defeat,33,4/26/2022
bath,33,4/27/2022
acquisition,33,4/28/2022
salt,33,4/29/2022
clock,33,4/30/2022
demonstration,33,5/1/2022
sake,33,5/2/2022
aunt,33,5/3/2022
chemical,33,5/4/2022
human,33,5/5/2022
host,33,5/6/2022
adviser,33,5/7/2022
joke,33,5/8/2022
edition,33,5/9/2022
priest,33,5/10/2022
circuit,33,5/11/2022
consumption,33,5/12/2022
pack,32,5/13/2022
formula,32,5/14/2022
count,32,5/15/2022
journalist,32,5/16/2022
guidance,32,5/17/2022
workshop,32,5/18/2022
tail,32,5/19/2022
compensation,32,5/20/2022
seed,32,5/21/2022
statistics,32,5/22/2022
earnings,32,5/23/2022
fishing,32,5/24/2022
mission,32,5/25/2022
survival,32,5/26/2022
tie,32,5/27/2022
luck,32,5/28/2022
occupation,32,5/29/2022
percentage,32,5/30/2022
consultant,32,5/31/2022
lecture,32,6/1/2022
watch,32,6/2/2022
anxiety,32,6/3/2022
remark,32,6/4/2022
supplier,32,6/5/2022
poet,32,6/6/2022
net,31,6/7/2022
preference,31,6/8/2022
stomach,31,6/9/2022
ownership,31,6/10/2022
indication,31,6/11/2022
tip,31,6/12/2022
prayer,31,6/13/2022
poverty,31,6/14/2022
mine,31,6/15/2022
observer,31,6/16/2022
dark,31,6/17/2022
fortune,31,6/18/2022
opponent,31,6/19/2022
crop,31,6/20/2022
practitioner,31,6/21/2022
symbol,31,6/22/2022
hold,31,6/23/2022
moon,31,6/24/2022
alcohol,31,6/25/2022
snow,31,6/26/2022
climate,31,6/27/2022
measurement,31,6/28/2022
heaven,31,6/29/2022
operating,31,6/30/2022
conservative,31,7/1/2022
barrier,31,7/2/2022
smell,31,7/3/2022
pitch,31,7/4/2022
catalogue,30,7/5/2022
princess,30,7/6/2022
sheep,30,7/7/2022
enthusiasm,30,7/8/2022
operator,30,7/9/2022
summary,30,7/10/2022
interval,30,7/11/2022
implementation,30,7/12/2022
wish,30,7/13/2022
evaluation,30,7/14/2022
architecture,30,7/15/2022
processing,30,7/16/2022
burden,30,7/17/2022
confusion,30,7/18/2022
publisher,30,7/19/2022
professional,30,7/20/2022
democrat,30,7/21/2022
historian,30,7/22/2022
schedule,30,7/23/2022
cheese,30,7/24/2022
dimension,30,7/25/2022
talent,30,7/26/2022
tube,30,7/27/2022
storage,30,7/28/2022
bowl,30,7/29/2022
satisfaction,30,7/30/2022
dish,30,7/31/2022
shell,30,8/1/2022
conduct,29,8/2/2022
vessel,29,8/3/2022
breast,29,8/4/2022
lover,29,8/5/2022
tunnel,29,8/6/2022
poetry,29,8/7/2022
replacement,29,8/8/2022
turnover,29,8/9/2022
salary,29,8/10/2022
percent,29,8/11/2022
wire,29,8/12/2022
proof,29,8/13/2022
pot,29,8/14/2022
drop,29,8/15/2022
consultation,29,8/16/2022
win,29,8/17/2022
import,29,8/18/2022
admission,29,8/19/2022
determination,29,8/20/2022
strain,29,8/21/2022
tissue,29,8/22/2022
label,29,8/23/2022
leisure,29,8/24/2022
economics,29,8/25/2022
cheque,29,8/26/2022
merchant,29,8/27/2022
squad,29,8/28/2022
stake,29,8/29/2022
smoke,29,8/30/2022
unity,29,8/31/2022
designer,29,9/1/2022
shopping,29,9/2/2022
fabric,29,9/3/2022
steam,29,9/4/2022
rugby,29,9/5/2022
childhood,29,9/6/2022
comfort,28,9/7/2022
magistrate,28,9/8/2022
bathroom,28,9/9/2022
movie,28,9/10/2022
participant,28,9/11/2022
corridor,28,9/12/2022
profile,28,9/13/2022
complex,28,9/14/2022
lift,28,9/15/2022
surgery,28,9/16/2022
conviction,28,9/17/2022
tongue,28,9/18/2022
addition,28,9/19/2022
tennis,28,9/20/2022
reward,28,9/21/2022
standing,28,9/22/2022
draft,28,9/23/2022
brick,28,9/24/2022
amendment,28,9/25/2022
mouse,28,9/26/2022
vegetable,28,9/27/2022
sergeant,28,9/28/2022
mystery,28,9/29/2022
imagination,28,9/30/2022
favour,28,10/1/2022
bell,28,10/2/2022
classroom,28,10/3/2022
grade,28,10/4/2022
announcement,28,10/5/2022
headquarters,28,10/6/2022
refugee,28,10/7/2022
twin,27,10/8/2022
composition,27,10/9/2022
acceptance,27,10/10/2022
limitation,27,10/11/2022
pride,27,10/12/2022
storm,27,10/13/2022
discourse,27,10/14/2022
participation,27,10/15/2022
ceiling,27,10/16/2022
weakness,27,10/17/2022
architect,27,10/18/2022
universe,27,10/19/2022
detective,27,10/20/2022
departure,27,10/21/2022
cathedral,27,10/22/2022
excitement,27,10/23/2022
red,27,10/24/2022
summit,27,10/25/2022
transition,27,10/26/2022
check,27,10/27/2022
deficit,27,10/28/2022
venture,27,10/29/2022
constituency,27,10/30/2022
register,27,10/31/2022
assistant,27,11/1/2022
joy,27,11/2/2022
local,27,11/3/2022
black,27,11/4/2022
pit,27,11/5/2022
belt,27,11/6/2022
gesture,27,11/7/2022
treasury,27,11/8/2022
stick,26,11/9/2022
concert,26,11/10/2022
cap,26,11/11/2022
mummy,26,11/12/2022
expertise,26,11/13/2022
canal,26,11/14/2022
margin,26,11/15/2022
psychology,26,11/16/2022
leather,26,11/17/2022
album,26,11/18/2022
repair,26,11/19/2022
uncertainty,26,11/20/2022
chart,26,11/21/2022
dust,26,11/22/2022
tin,26,11/23/2022
shelf,26,11/24/2022
glance,26,11/25/2022
passion,26,11/26/2022
bench,26,11/27/2022
pole,26,11/28/2022
stand,26,11/29/2022
consciousness,26,11/30/2022
coin,26,12/1/2022
ban,26,12/2/2022
ward,26,12/3/2022
opera,26,12/4/2022
cow,26,12/5/2022
coalition,26,12/6/2022
trousers,26,12/7/2022
constraint,26,12/8/2022
objection,26,12/9/2022
guideline,26,12/10/2022
prosecution,26,12/11/2022
assault,26,12/12/2022
timber,26,12/13/2022
virtue,26,12/14/2022
clerk,26,12/15/2022
folk,26,12/16/2022
cattle,26,12/17/2022
fellow,26,12/18/2022
horror,26,12/19/2022
paint,26,12/20/2022
guardian,26,12/21/2022
infant,26,12/22/2022
button,26,12/23/2022
reception,26,12/24/2022
grammar,26,12/25/2022
diary,26,12/26/2022
flesh,25,12/27/2022
lease,25,12/28/2022
privilege,25,12/29/2022
conservation,25,12/30/2022
charter,25,12/31/2022
publicity,25,1/1/2023
specimen,25,1/2/2023
format,25,1/3/2023
nerve,25,1/4/2023
completion,25,1/5/2023
potato,25,1/6/2023
craft,25,1/7/2023
reflection,25,1/8/2023
closure,25,1/9/2023
punishment,25,1/10/2023
agenda,25,1/11/2023
chicken,25,1/12/2023
portrait,25,1/13/2023
printer,25,1/14/2023
taxation,25,1/15/2023
companion,25,1/16/2023
evolution,25,1/17/2023
carbon,25,1/18/2023
traveller,25,1/19/2023
patch,25,1/20/2023
accounting,25,1/21/2023
volunteer,25,1/22/2023
jury,25,1/23/2023
blue,25,1/24/2023
ocean,25,1/25/2023
pig,25,1/26/2023
rabbit,25,1/27/2023
pen,25,1/28/2023
ideology,25,1/29/2023
vat,25,1/30/2023
van,25,1/31/2023
kingdom,25,2/1/2023
disorder,25,2/2/2023
cold,25,2/3/2023
good,25,2/4/2023
alarm,25,2/5/2023
funeral,25,2/6/2023
rival,25,2/7/2023
dividend,25,2/8/2023
cousin,25,2/9/2023
cable,25,2/10/2023
mate,25,2/11/2023
innovation,24,2/12/2023
applicant,24,2/13/2023
machinery,24,2/14/2023
integration,24,2/15/2023
planet,24,2/16/2023
rat,24,2/17/2023
exposure,24,2/18/2023
pass,24,2/19/2023
junction,24,2/20/2023
terrace,24,2/21/2023
earl,24,2/22/2023
commander,24,2/23/2023
slope,24,2/24/2023
friendship,24,2/25/2023
blow,24,2/26/2023
lock,24,2/27/2023
ally,24,2/28/2023
stop,24,3/1/2023
carriage,24,3/2/2023
purchaser,24,3/3/2023
resignation,24,3/4/2023
conversion,24,3/5/2023
chocolate,24,3/6/2023
essay,24,3/7/2023
sympathy,24,3/8/2023
maker,24,3/9/2023
discount,24,3/10/2023
attraction,24,3/11/2023
silk,24,3/12/2023
seller,24,3/13/2023
audit,24,3/14/2023
vendor,24,3/15/2023
garage,24,3/16/2023
borough,24,3/17/2023
petrol,24,3/18/2023
emperor,24,3/19/2023
disc,24,3/20/2023
registration,24,3/21/2023
strip,24,3/22/2023
wonder,24,3/23/2023
depression,24,3/24/2023
destruction,24,3/25/2023
commissioner,24,3/26/2023
assurance,24,3/27/2023
plot,24,3/28/2023
organ,24,3/29/2023
particle,24,3/30/2023
favourite,24,3/31/2023
remedy,24,4/1/2023
conception,23,4/2/2023
ambition,23,4/3/2023
stimulus,23,4/4/2023
grain,23,4/5/2023
harm,23,4/6/2023
pop,23,4/7/2023
needle,23,4/8/2023
logic,23,4/9/2023
fibre,23,4/10/2023
resort,23,4/11/2023
darling,23,4/12/2023
incentive,23,4/13/2023
inspection,23,4/14/2023
excuse,23,4/15/2023
fate,23,4/16/2023
disposal,23,4/17/2023
declaration,23,4/18/2023
allocation,23,4/19/2023
dose,23,4/20/2023
flame,23,4/21/2023
pile,23,4/22/2023
correspondent,23,4/23/2023
identification,23,4/24/2023
directive,23,4/25/2023
shade,23,4/26/2023
hypothesis,23,4/27/2023
stranger,23,4/28/2023
mortality,23,4/29/2023
invitation,23,4/30/2023
calculation,23,5/1/2023
withdrawal,23,5/2/2023
roll,23,5/3/2023
mayor,23,5/4/2023
chapel,23,5/5/2023
mineral,23,5/6/2023
youngster,23,5/7/2023
trick,23,5/8/2023
humour,23,5/9/2023
rubbish,23,5/10/2023
interface,23,5/11/2023
federation,23,5/12/2023
bike,23,5/13/2023
collapse,23,5/14/2023
cotton,23,5/15/2023
crash,23,5/16/2023
cry,23,5/17/2023
suspicion,23,5/18/2023
entertainment,23,5/19/2023
voter,23,5/20/2023
molecule,23,5/21/2023
dictionary,22,5/22/2023
complexity,22,5/23/2023
fence,22,5/24/2023
fragment,22,5/25/2023
jew,22,5/26/2023
constable,22,5/27/2023
coverage,22,5/28/2023
competitor,22,5/29/2023
laughter,22,5/30/2023
equity,22,5/31/2023
clinic,22,6/1/2023
kit,22,6/2/2023
equivalent,22,6/3/2023
daddy,22,6/4/2023
interior,22,6/5/2023
guarantee,22,6/6/2023
cinema,22,6/7/2023
isle,22,6/8/2023
pond,22,6/9/2023
accountant,22,6/10/2023
insight,22,6/11/2023
disability,22,6/12/2023
era,22,6/13/2023
lie,22,6/14/2023
arrest,22,6/15/2023
statute,22,6/16/2023
advertisement,22,6/17/2023
ceremony,22,6/18/2023
tonne,22,6/19/2023
farming,22,6/20/2023
domain,22,6/21/2023
removal,22,6/22/2023
processor,22,6/23/2023
taxi,22,6/24/2023
explosion,22,6/25/2023
leave,22,6/26/2023
acre,22,6/27/2023
tide,22,6/28/2023
running,22,6/29/2023
server,22,6/30/2023
cm,22,7/1/2023
cloth,22,7/2/2023
satellite,22,7/3/2023
rope,22,7/4/2023
miner,22,7/5/2023
angel,22,7/6/2023
stability,22,7/7/2023
publishing,22,7/8/2023
lamp,22,7/9/2023
illustration,21,7/10/2023
gaze,21,7/11/2023
anniversary,21,7/12/2023
go,21,7/13/2023
shortage,21,7/14/2023
clothing,21,7/15/2023
delight,21,7/16/2023
monopoly,21,7/17/2023
tory,21,7/18/2023
worth,21,7/19/2023
wound,21,7/20/2023
tribunal,21,7/21/2023
lion,21,7/22/2023
allegation,21,7/23/2023
merger,21,7/24/2023
jurisdiction,21,7/25/2023
controversy,21,7/26/2023
desert,21,7/27/2023
fat,21,7/28/2023
insect,21,7/29/2023
episode,21,7/30/2023
christian,21,7/31/2023
fleet,21,8/1/2023
adjustment,21,8/2/2023
colony,21,8/3/2023
gear,21,8/4/2023
minimum,21,8/5/2023
raid,21,8/6/2023
nursery,21,8/7/2023
butter,21,8/8/2023
celebration,21,8/9/2023
piano,21,8/10/2023
fiction,21,8/11/2023
white,21,8/12/2023
escape,21,8/13/2023
specification,21,8/14/2023
banking,21,8/15/2023
bible,21,8/16/2023
tournament,21,8/17/2023
rhythm,21,8/18/2023
therapy,21,8/19/2023
brand,21,8/20/2023
photo,21,8/21/2023
emission,21,8/22/2023
hardware,21,8/23/2023
navy,21,8/24/2023
effectiveness,21,8/25/2023
temple,21,8/26/2023
invasion,21,8/27/2023
crystal,21,8/28/2023
motive,21,8/29/2023
transformation,21,8/30/2023
fighting,21,8/31/2023
villa,21,9/1/2023
trustee,21,9/2/2023
grip,21,9/3/2023
toy,21,9/4/2023
myth,21,9/5/2023
battery,21,9/6/2023
mess,21,9/7/2023
necessity,21,9/8/2023
switch,21,9/9/2023
rebel,21,9/10/2023
bulk,21,9/11/2023
menu,20,9/12/2023
warmth,20,9/13/2023
adventure,20,9/14/2023
gang,20,9/15/2023
discrimination,20,9/16/2023
skirt,20,9/17/2023
toilet,20,9/18/2023
graphics,20,9/19/2023
lorry,20,9/20/2023
chemistry,20,9/21/2023
disadvantage,20,9/22/2023
flag,20,9/23/2023
proposition,20,9/24/2023
singer,20,9/25/2023
ghost,20,9/26/2023
uniform,20,9/27/2023
pope,20,9/28/2023
gender,20,9/29/2023
doctrine,20,9/30/2023
compound,20,10/1/2023
widow,20,10/2/2023
restoration,20,10/3/2023
clue,20,10/4/2023
loyalty,20,10/5/2023
cliff,20,10/6/2023
landing,20,10/7/2023
ride,20,10/8/2023
shore,20,10/9/2023
heating,20,10/10/2023
colonel,20,10/11/2023
rumour,20,10/12/2023
chap,20,10/13/2023
tragedy,20,10/14/2023
leaflet,20,10/15/2023
launch,20,10/16/2023
dock,20,10/17/2023
virus,20,10/18/2023
harbour,20,10/19/2023
ease,20,10/20/2023
wildlife,20,10/21/2023
rape,20,10/22/2023
airline,20,10/23/2023
testing,20,10/24/2023
nail,20,10/25/2023
heel,20,10/26/2023
devil,20,10/27/2023
outline,20,10/28/2023
theft,20,10/29/2023
flexibility,20,10/30/2023
hierarchy,20,10/31/2023
heritage,20,11/1/2023
abbey,20,11/2/2023
champagne,20,11/3/2023
filter,20,11/4/2023
successor,20,11/5/2023
painter,20,11/6/2023
attendance,20,11/7/2023
receiver,20,11/8/2023
mathematics,20,11/9/2023
sociology,20,11/10/2023
hint,20,11/11/2023
fraction,20,11/12/2023
spectrum,20,11/13/2023
creditor,20,11/14/2023
productivity,20,11/15/2023
pensioner,20,11/16/2023
mud,20,11/17/2023
businessman,20,11/18/2023
refusal,20,11/19/2023
essence,20,11/20/2023
indicator,20,11/21/2023
verse,20,11/22/2023
triumph,20,11/23/2023
counter,20,11/24/2023
apartment,19,11/25/2023
probability,19,11/26/2023
separation,19,11/27/2023
capitalism,19,11/28/2023
portfolio,19,11/29/2023
juice,19,11/30/2023
stroke,19,12/1/2023
cupboard,19,12/2/2023
seminar,19,12/3/2023
developer,19,12/4/2023
continent,19,12/5/2023
availability,19,12/6/2023
whisky,19,12/7/2023
computing,19,12/8/2023
trace,19,12/9/2023
bastard,19,12/10/2023
premium,19,12/11/2023
forum,19,12/12/2023
justification,19,12/13/2023
kiss,19,12/14/2023
lifetime,19,12/15/2023
reporter,19,12/16/2023
graduate,19,12/17/2023
carrier,19,12/18/2023
breeding,19,12/19/2023
oak,19,12/20/2023
palm,19,12/21/2023
builder,19,12/22/2023
discretion,19,12/23/2023
oxygen,19,12/24/2023
shame,19,12/25/2023
classification,19,12/26/2023
worry,19,12/27/2023
fluid,19,12/28/2023
duration,19,12/29/2023
courage,19,12/30/2023
suicide,19,12/31/2023
missile,19,1/1/2024
fool,19,1/2/2024
analyst,19,1/3/2024
delegate,19,1/4/2024
avenue,19,1/5/2024
succession,19,1/6/2024
fraud,19,1/7/2024
copper,19,1/8/2024
density,19,1/9/2024
receipt,19,1/10/2024
merit,19,1/11/2024
sensation,19,1/12/2024
compromise,19,1/13/2024
doorway,19,1/14/2024
duck,19,1/15/2024
shit,19,1/16/2024
appendix,19,1/17/2024
sword,19,1/18/2024
liberty,19,1/19/2024
aids,19,1/20/2024
sculpture,19,1/21/2024
midnight,19,1/22/2024
pet,19,1/23/2024
grave,19,1/24/2024
shower,19,1/25/2024
speculation,19,1/26/2024
isolation,19,1/27/2024
residence,19,1/28/2024
fantasy,19,1/29/2024
bureau,19,1/30/2024
recipe,19,1/31/2024
modification,19,2/1/2024
stance,19,2/2/2024
norm,19,2/3/2024
installation,19,2/4/2024
rod,19,2/5/2024
heading,19,2/6/2024
crack,19,2/7/2024
truck,19,2/8/2024
hip,19,2/9/2024
polytechnic,19,2/10/2024
physics,19,2/11/2024
dialogue,19,2/12/2024
diagnosis,19,2/13/2024
laugh,19,2/14/2024
accent,19,2/15/2024
sin,19,2/16/2024
musician,19,2/17/2024
directory,19,2/18/2024
offender,19,2/19/2024
breed,19,2/20/2024
sandwich,19,2/21/2024
defender,19,2/22/2024
killer,19,2/23/2024
collector,19,2/24/2024
envelope,19,2/25/2024
subsidy,18,2/26/2024
inn,18,2/27/2024
ambulance,18,2/28/2024
timing,18,2/29/2024
pavement,18,3/1/2024
tactic,18,3/2/2024
ingredient,18,3/3/2024
scholar,18,3/4/2024
holding,18,3/5/2024
reign,18,3/6/2024
glory,18,3/7/2024
finish,18,3/8/2024
tray,18,3/9/2024
thesis,18,3/10/2024
delegation,18,3/11/2024
autonomy,18,3/12/2024
basket,18,3/13/2024
bear,18,3/14/2024
Ms,18,3/15/2024
hunting,18,3/16/2024
entity,18,3/17/2024
consensus,18,3/18/2024
horizon,18,3/19/2024
jet,18,3/20/2024
clash,18,3/21/2024
pregnancy,18,3/22/2024
organism,18,3/23/2024
concession,18,3/24/2024
wool,18,3/25/2024
diagram,18,3/26/2024
capability,18,3/27/2024
riot,18,3/28/2024
liberation,18,3/29/2024
nest,18,3/30/2024
tutor,18,3/31/2024
trainer,18,4/1/2024
pause,18,4/2/2024
lung,18,4/3/2024
instinct,18,4/4/2024
teenager,18,4/5/2024
trader,18,4/6/2024
radiation,18,4/7/2024
spell,18,4/8/2024
sphere,18,4/9/2024
swimming,18,4/10/2024
eagle,18,4/11/2024
plc,18,4/12/2024
guilt,18,4/13/2024
panic,18,4/14/2024
tune,18,4/15/2024
divorce,18,4/16/2024
bean,18,4/17/2024
bonus,18,4/18/2024
coup,18,4/19/2024
incidence,18,4/20/2024
spread,18,4/21/2024
subsidiary,18,4/22/2024
nightmare,18,4/23/2024
packet,18,4/24/2024
scandal,18,4/25/2024
easter,18,4/26/2024
motivation,18,4/27/2024
christianity,18,4/28/2024
redundancy,18,4/29/2024
assignment,18,4/30/2024
auditor,18,5/1/2024
commonwealth,18,5/2/2024
mm,18,5/3/2024
pity,18,5/4/2024
correlation,18,5/5/2024
photographer,17,5/6/2024
brush,17,5/7/2024
engagement,17,5/8/2024
pint,17,5/9/2024
translation,17,5/10/2024
rider,17,5/11/2024
gp,17,5/12/2024
jaw,17,5/13/2024
lighting,17,5/14/2024
flavour,17,5/15/2024
striker,17,5/16/2024
casualty,17,5/17/2024
intensity,17,5/18/2024
remainder,17,5/19/2024
constituent,17,5/20/2024
liver,17,5/21/2024
trap,17,5/22/2024
parameter,17,5/23/2024
limb,17,5/24/2024
fighter,17,5/25/2024
carer,17,5/26/2024
contest,17,5/27/2024
organiser,17,5/28/2024
rating,17,5/29/2024
disappointment,17,5/30/2024
accuracy,17,5/31/2024
regard,17,6/1/2024
thief,17,6/2/2024
counterpart,17,6/3/2024
venue,17,6/4/2024
rescue,17,6/5/2024
supervision,17,6/6/2024
boom,17,6/7/2024
happiness,17,6/8/2024
monster,17,6/9/2024
beam,17,6/10/2024
bush,17,6/11/2024
walking,17,6/12/2024
sensitivity,17,6/13/2024
ideal,17,6/14/2024
orchestra,17,6/15/2024
diamond,17,6/16/2024
hostility,17,6/17/2024
pardon,17,6/18/2024
tribute,17,6/19/2024
relevance,17,6/20/2024
questionnaire,17,6/21/2024
kick,17,6/22/2024
similarity,17,6/23/2024
blanket,17,6/24/2024
archbishop,17,6/25/2024
terminal,17,6/26/2024
matrix,17,6/27/2024
hit,17,6/28/2024
neighbourhood,17,6/29/2024
republican,17,6/30/2024
starting,17,7/1/2024
execution,17,7/2/2024
toe,17,7/3/2024
cab,17,7/4/2024
north-east,17,7/5/2024
try,17,7/6/2024
socialism,17,7/7/2024
ridge,17,7/8/2024
forecast,17,7/9/2024
bronze,17,7/10/2024
clay,17,7/11/2024
monitoring,17,7/12/2024
memorial,17,7/13/2024
slave,17,7/14/2024
deck,17,7/15/2024
surgeon,17,7/16/2024
frustration,17,7/17/2024
maximum,17,7/18/2024
stamp,17,7/19/2024
faculty,17,7/20/2024
equilibrium,17,7/21/2024
legend,17,7/22/2024
orange,17,7/23/2024
geography,17,7/24/2024
exploration,17,7/25/2024
poster,17,7/26/2024
ton,17,7/27/2024
dismissal,17,7/28/2024
blade,17,7/29/2024
exclusion,17,7/30/2024
chin,16,7/31/2024
killing,16,8/1/2024
horn,16,8/2/2024
owl,16,8/3/2024
debut,16,8/4/2024
terror,16,8/5/2024
current,16,8/6/2024
medal,16,8/7/2024
echo,16,8/8/2024
nonsense,16,8/9/2024
pursuit,16,8/10/2024
reservation,16,8/11/2024
yield,16,8/12/2024
dear,16,8/13/2024
plain,16,8/14/2024
sauce,16,8/15/2024
dining,16,8/16/2024
giant,16,8/17/2024
bloke,16,8/18/2024
elite,16,8/19/2024
chaos,16,8/20/2024
inhabitant,16,8/21/2024
criminal,16,8/22/2024
handle,16,8/23/2024
dot,16,8/24/2024
sterling,16,8/25/2024
fly,16,8/26/2024
arrow,16,8/27/2024
collar,16,8/28/2024
sleeve,16,8/29/2024
mention,16,8/30/2024
competence,16,8/31/2024
respondent,16,9/1/2024
reach,16,9/2/2024
coffin,16,9/3/2024
biscuit,16,9/4/2024
keeper,16,9/5/2024
elbow,16,9/6/2024
predecessor,16,9/7/2024
supermarket,16,9/8/2024
breakdown,16,9/9/2024
grace,16,9/10/2024
transmission,16,9/11/2024
sanction,16,9/12/2024
cave,16,9/13/2024
affection,16,9/14/2024
hut,16,9/15/2024
virgin,16,9/16/2024
commerce,16,9/17/2024
stitch,16,9/18/2024
broadcasting,16,9/19/2024
tumour,16,9/20/2024
verdict,16,9/21/2024
dolphin,16,9/22/2024
miracle,16,9/23/2024
russian,16,9/24/2024
atom,16,9/25/2024
mix,16,9/26/2024
tap,16,9/27/2024
pie,16,9/28/2024
evil,16,9/29/2024
script,16,9/30/2024
drawer,16,10/1/2024
trophy,16,10/2/2024
economist,16,10/3/2024
fist,16,10/4/2024
contractor,16,10/5/2024
workforce,16,10/6/2024
cooking,16,10/7/2024
classic,16,10/8/2024
recruitment,16,10/9/2024
lamb,16,10/10/2024
candle,16,10/11/2024
shield,16,10/12/2024
supper,16,10/13/2024
brass,16,10/14/2024
flood,16,10/15/2024
grandfather,16,10/16/2024
rice,16,10/17/2024
container,16,10/18/2024
founder,16,10/19/2024
saint,16,10/20/2024
adoption,16,10/21/2024
correspondence,16,10/22/2024
ruler,16,10/23/2024
greek,16,10/24/2024
hedge,16,10/25/2024
undertaking,16,10/26/2024
barn,16,10/27/2024
exam,16,10/28/2024
stretch,16,10/29/2024
utility,16,10/30/2024
lap,16,10/31/2024
rally,16,11/1/2024
scot,16,11/2/2024
prey,16,11/3/2024
shelter,16,11/4/2024
fitness,16,11/5/2024
oven,16,11/6/2024
electron,16,11/7/2024
tent,16,11/8/2024
prejudice,16,11/9/2024
prediction,16,11/10/2024
comedy,16,11/11/2024
ac,16,11/12/2024
ladder,16,11/13/2024
antibody,16,11/14/2024
submission,16,11/15/2024
helicopter,16,11/16/2024
marble,16,11/17/2024
ph,16,11/18/2024
washing,16,11/19/2024
equality,16,11/20/2024
cutting,16,11/21/2024
drum,16,11/22/2024
workstation,16,11/23/2024
tile,15,11/24/2024
referendum,15,11/25/2024
mask,15,11/26/2024
roman,15,11/27/2024
circulation,15,11/28/2024
thigh,15,11/29/2024
nut,15,11/30/2024
embassy,15,12/1/2024
draw,15,12/2/2024
vein,15,12/3/2024
terrorist,15,12/4/2024
prevention,15,12/5/2024
suite,15,12/6/2024
portion,15,12/7/2024
**base/basis,15,12/8/2024
hazard,15,12/9/2024
suspension,15,12/10/2024
signature,15,12/11/2024
petition,15,12/12/2024
european,15,12/13/2024
liquid,15,12/14/2024
st,15,12/15/2024
alteration,15,12/16/2024
defect,15,12/17/2024
certainty,15,12/18/2024
pump,15,12/19/2024
odds,15,12/20/2024
desktop,15,12/21/2024
charm,15,12/22/2024
wisdom,15,12/23/2024
bureaucracy,15,12/24/2024
handling,15,12/25/2024
grandmother,15,12/26/2024
vol,15,12/27/2024
log,15,12/28/2024
lounge,15,12/29/2024
pan,15,12/30/2024
segment,15,12/31/2024
moor,15,1/1/2025
seal,15,1/2/2025
abortion,15,1/3/2025
commodity,15,1/4/2025
beef,15,1/5/2025
distress,15,1/6/2025
wrist,15,1/7/2025
disturbance,15,1/8/2025
ad,15,1/9/2025
regiment,15,1/10/2025
runner,15,1/11/2025
plea,15,1/12/2025
encouragement,15,1/13/2025
hook,15,1/14/2025
lump,15,1/15/2025
destination,15,1/16/2025
pulse,15,1/17/2025
goodness,15,1/18/2025
tobacco,15,1/19/2025
italian,15,1/20/2025
catholic,15,1/21/2025
custody,15,1/22/2025
km,15,1/23/2025
extract,15,1/24/2025
composer,15,1/25/2025
drinking,15,1/26/2025
voting,15,1/27/2025
supplement,15,1/28/2025
rejection,15,1/29/2025
basin,15,1/30/2025
encounter,15,1/31/2025
soap,15,2/1/2025
imprisonment,15,2/2/2025
integrity,15,2/3/2025
magic,15,2/4/2025
contradiction,15,2/5/2025
swing,15,2/6/2025
tomato,15,2/7/2025
electronics,15,2/8/2025
handful,15,2/9/2025
gen,15,2/10/2025
straw,15,2/11/2025
slide,15,2/12/2025
banker,15,2/13/2025
administrator,15,2/14/2025
ankle,15,2/15/2025
manual,15,2/16/2025
dawn,15,2/17/2025
restraint,15,2/18/2025
penny,15,2/19/2025
ulcer,15,2/20/2025
soup,15,2/21/2025
quid,15,2/22/2025
handicap,15,2/23/2025
cluster,15,2/24/2025
trail,15,2/25/2025
mining,15,2/26/2025
ballet,15,2/27/2025
expedition,15,2/28/2025
mobility,15,3/1/2025
elephant,15,3/2/2025
auction,15,3/3/2025
academy,15,3/4/2025
waist,15,3/5/2025
manor,15,3/6/2025
conscience,15,3/7/2025
powder,15,3/8/2025
spine,15,3/9/2025
bowel,15,3/10/2025
inequality,15,3/11/2025
parking,15,3/12/2025
slice,15,3/13/2025
remains,15,3/14/2025
can,15,3/15/2025
takeover,15,3/16/2025
tourism,15,3/17/2025
fortnight,15,3/18/2025
corruption,15,3/19/2025
squadron,15,3/20/2025
single,15,3/21/2025
grief,15,3/22/2025
loch,15,3/23/2025
breeze,15,3/24/2025
maturity,15,3/25/2025
strand,14,3/26/2025
valuation,14,3/27/2025
referee,14,3/28/2025
ritual,14,3/29/2025
faction,14,3/30/2025
fare,14,3/31/2025
stall,14,4/1/2025
well,14,4/2/2025
interference,14,4/3/2025
salad,14,4/4/2025
rush,14,4/5/2025
diesel,14,4/6/2025
barrel,14,4/7/2025
treasure,14,4/8/2025
revelation,14,4/9/2025
yacht,14,4/10/2025
taxpayer,14,4/11/2025
making,14,4/12/2025
migration,14,4/13/2025
fossil,14,4/14/2025
statue,14,4/15/2025
suffering,14,4/16/2025
ferry,14,4/17/2025
booking,14,4/18/2025
lecturer,14,4/19/2025
motorway,14,4/20/2025
dancer,14,4/21/2025
habitat,14,4/22/2025
joint,14,4/23/2025
&pound;1,14,4/24/2025
pencil,14,4/25/2025
discharge,14,4/26/2025
graph,14,4/27/2025
rug,14,4/28/2025
inspiration,14,4/29/2025
highway,14,4/30/2025
diversity,14,5/1/2025
decision-making,14,5/2/2025
sexuality,14,5/3/2025
lawn,14,5/4/2025
pin,14,5/5/2025
thumb,14,5/6/2025
quota,14,5/7/2025
obstacle,14,5/8/2025
dioxide,14,5/9/2025
headline,14,5/10/2025
ambassador,14,5/11/2025
glove,14,5/12/2025
parallel,14,5/13/2025
beat,14,5/14/2025
collaboration,14,5/15/2025
bacterium,14,5/16/2025
bucket,14,5/17/2025
outlet,14,5/18/2025
protocol,14,5/19/2025
psychologist,14,5/20/2025
manufacture,14,5/21/2025
meantime,14,5/22/2025
stem,14,5/23/2025
tyre,14,5/24/2025
librarian,14,5/25/2025
substitute,14,5/26/2025
covenant,14,5/27/2025
dilemma,14,5/28/2025
injection,14,5/29/2025
canvas,14,5/30/2025
girlfriend,14,5/31/2025
verb,14,6/1/2025
bunch,14,6/2/2025
kilometre,14,6/3/2025
bias,14,6/4/2025
layout,14,6/5/2025
forehead,14,6/6/2025
warehouse,14,6/7/2025
dealing,14,6/8/2025
ranger,14,6/9/2025
march,14,6/10/2025
skull,14,6/11/2025
bow,14,6/12/2025
manuscript,14,6/13/2025
continuity,14,6/14/2025
embarrassment,14,6/15/2025
it,14,6/16/2025
decoration,14,6/17/2025
cd,14,6/18/2025
frontier,14,6/19/2025
eyebrow,14,6/20/2025
revision,14,6/21/2025
retailer,14,6/22/2025
timetable,14,6/23/2025
diameter,14,6/24/2025
lid,14,6/25/2025
validity,14,6/26/2025
lifestyle,14,6/27/2025
driving,14,6/28/2025
occurrence,14,6/29/2025
tribe,14,6/30/2025
worship,14,7/1/2025
clergy,14,7/2/2025
beast,14,7/3/2025
dwelling,14,7/4/2025
commentator,14,7/5/2025
shed,14,7/6/2025
wicket,14,7/7/2025
heir,14,7/8/2025
lemon,14,7/9/2025
excess,14,7/10/2025
popularity,14,7/11/2025
monument,13,7/12/2025
inside,13,7/13/2025
viewer,13,7/14/2025
indian,13,7/15/2025
behalf,13,7/16/2025
steward,13,7/17/2025
make-up,13,7/18/2025
enforcement,13,7/19/2025
temper,13,7/20/2025
offering,13,7/21/2025
gospel,13,7/22/2025
double,13,7/23/2025
donation,13,7/24/2025
whale,13,7/25/2025
10%,13,7/26/2025
harmony,13,7/27/2025
privatisation,13,7/28/2025
predator,13,7/29/2025
cage,13,7/30/2025
appreciation,13,7/31/2025
gardener,13,8/1/2025
telecommunication,13,8/2/2025
sufferer,13,8/3/2025
counselling,13,8/4/2025
configuration,13,8/5/2025
contrary,13,8/6/2025
patent,13,8/7/2025
archive,13,8/8/2025
misery,13,8/9/2025
fox,13,8/10/2025
learner,13,8/11/2025
ash,13,8/12/2025
pence,13,8/13/2025
caution,13,8/14/2025
probe,13,8/15/2025
brochure,13,8/16/2025
serum,13,8/17/2025
peer,13,8/18/2025
tiger,13,8/19/2025
soccer,13,8/20/2025
despair,13,8/21/2025
borrowing,13,8/22/2025
stay,13,8/23/2025
lordship,13,8/24/2025
outsider,13,8/25/2025
dignity,13,8/26/2025
&pound;100,13,8/27/2025
woodland,13,8/28/2025
calendar,13,8/29/2025
loop,13,8/30/2025
realm,13,8/31/2025
invention,13,9/1/2025
sunshine,13,9/2/2025
senate,13,9/3/2025
usage,13,9/4/2025
width,13,9/5/2025
boyfriend,13,9/6/2025
nursing,13,9/7/2025
node,13,9/8/2025
vitamin,13,9/9/2025
exploitation,13,9/10/2025
utterance,13,9/11/2025
actress,13,9/12/2025
syndrome,13,9/13/2025
compliance,13,9/14/2025
communist,13,9/15/2025
caravan,13,9/16/2025
feedback,13,9/17/2025
intent,13,9/18/2025
jeans,13,9/19/2025
reproduction,13,9/20/2025
salmon,13,9/21/2025
activist,13,9/22/2025
grid,13,9/23/2025
praise,13,9/24/2025
mist,13,9/25/2025
gravel,13,9/26/2025
garment,13,9/27/2025
exemption,13,9/28/2025
towel,13,9/29/2025
cabin,13,9/30/2025
rage,13,10/1/2025
sink,13,10/2/2025
textile,13,10/3/2025
south-east,13,10/4/2025
fitting,13,10/5/2025
ozone,13,10/6/2025
printing,13,10/7/2025
lace,13,10/8/2025
reactor,13,10/9/2025
dependence,13,10/10/2025
ft,13,10/11/2025
trainee,13,10/12/2025
deed,13,10/13/2025
contempt,13,10/14/2025
vocabulary,13,10/15/2025
membrane,13,10/16/2025
shooting,13,10/17/2025
arch,13,10/18/2025
negligence,13,10/19/2025
erosion,13,10/20/2025
ruling,13,10/21/2025
promoter,13,10/22/2025
down,13,10/23/2025
lab,13,10/24/2025
mistress,13,10/25/2025
surplus,13,10/26/2025
tablet,13,10/27/2025
throne,13,10/28/2025
brigade,13,10/29/2025
ace,13,10/30/2025
quarry,13,10/31/2025
aspiration,13,11/1/2025
inheritance,13,11/2/2025
laser,13,11/3/2025
aggression,13,11/4/2025
feather,13,11/5/2025
eating,13,11/6/2025
testament,13,11/7/2025
relaxation,13,11/8/2025
bullet,13,11/9/2025
guerrilla,13,11/10/2025
shaft,13,11/11/2025
array,13,11/12/2025
jewellery,13,11/13/2025
attribute,13,11/14/2025
dragon,13,11/15/2025
sunlight,13,11/16/2025
cylinder,13,11/17/2025
motif,13,11/18/2025
reminder,13,11/19/2025
tel,13,11/20/2025
calcium,13,11/21/2025
monk,13,11/22/2025
ancestor,13,11/23/2025
bat,13,11/24/2025
temptation,13,11/25/2025
morality,13,11/26/2025
philosopher,13,11/27/2025
illusion,13,11/28/2025
fringe,13,11/29/2025
bee,13,11/30/2025
headmaster,13,12/1/2025
foreigner,12,12/2/2025
knot,12,12/3/2025
revival,12,12/4/2025
surroundings,12,12/5/2025
marker,12,12/6/2025
cooperation,12,12/7/2025
emergence,12,12/8/2025
thread,12,12/9/2025
wit,12,12/10/2025
sponsorship,12,12/11/2025
bolt,12,12/12/2025
major,12,12/13/2025
herb,12,12/14/2025
intake,12,12/15/2025
min,12,12/16/2025
worm,12,12/17/2025
follower,12,12/18/2025
scrutiny,12,12/19/2025
controller,12,12/20/2025
selling,12,12/21/2025
booklet,12,12/22/2025
parcel,12,12/23/2025
outlook,12,12/24/2025
tariff,12,12/25/2025
referral,12,12/26/2025
debtor,12,12/27/2025
humanity,12,12/28/2025
chemist,12,12/29/2025
broadcast,12,12/30/2025
knight,12,12/31/2025
exile,12,1/1/2026
confrontation,12,1/2/2026
sickness,12,1/3/2026
onion,12,1/4/2026
narrative,12,1/5/2026
bargaining,12,1/6/2026
choir,12,1/7/2026
synthesis,12,1/8/2026
metaphor,12,1/9/2026
enzyme,12,1/10/2026
gravity,12,1/11/2026
suspect,12,1/12/2026
spectacle,12,1/13/2026
fusion,12,1/14/2026
sock,12,1/15/2026
recorder,12,1/16/2026
congregation,12,1/17/2026
mount,12,1/18/2026
legacy,12,1/19/2026
disclosure,12,1/20/2026
crossing,12,1/21/2026
accountability,12,1/22/2026
wake,12,1/23/2026
bile,12,1/24/2026
fertility,12,1/25/2026
corn,12,1/26/2026
inclusion,12,1/27/2026
sovereignty,12,1/28/2026
bargain,12,1/29/2026
backing,12,1/30/2026
hydrogen,12,1/31/2026
mammal,12,2/1/2026
queue,12,2/2/2026
cart,12,2/3/2026
apology,12,2/4/2026
curiosity,12,2/5/2026
mosaic,12,2/6/2026
documentation,12,2/7/2026
gathering,12,2/8/2026
smoking,12,2/9/2026
boxing,12,2/10/2026
snake,12,2/11/2026
planner,12,2/12/2026
complication,12,2/13/2026
fame,12,2/14/2026
orientation,12,2/15/2026
sponsor,12,2/16/2026
patience,12,2/17/2026
slip,12,2/18/2026
cleaning,12,2/19/2026
bride,12,2/20/2026
texture,12,2/21/2026
reconstruction,12,2/22/2026
patron,12,2/23/2026
likelihood,12,2/24/2026
jail,12,2/25/2026
mps,12,2/26/2026
corpse,12,2/27/2026
dancing,12,2/28/2026
grin,12,3/1/2026
precision,12,3/2/2026
telegraph,12,3/3/2026
brow,12,3/4/2026
ch,12,3/5/2026
goat,12,3/6/2026
census,12,3/7/2026
willingness,12,3/8/2026
outbreak,12,3/9/2026
pine,12,3/10/2026
mechanic,12,3/11/2026
fur,12,3/12/2026
spectator,12,3/13/2026
confirmation,12,3/14/2026
sigh,12,3/15/2026
locomotive,12,3/16/2026
sack,12,3/17/2026
appraisal,12,3/18/2026
bull,12,3/19/2026
halt,12,3/20/2026
associate,12,3/21/2026
grouping,12,3/22/2026
cleaner,12,3/23/2026
presidency,12,3/24/2026
precedent,12,3/25/2026
sketch,12,3/26/2026
maid,12,3/27/2026
intellectual,12,3/28/2026
wolf,12,3/29/2026
sail,12,3/30/2026
torch,12,3/31/2026
pill,12,4/1/2026
principal,12,4/2/2026
parade,12,4/3/2026
feminist,12,4/4/2026
corps,12,4/5/2026
costume,12,4/6/2026
pact,12,4/7/2026
provider,12,4/8/2026
yarn,12,4/9/2026
sofa,12,4/10/2026
sailor,12,4/11/2026
surveyor,12,4/12/2026
disagreement,12,4/13/2026
rear,12,4/14/2026
mercy,12,4/15/2026
valve,12,4/16/2026
headache,12,4/17/2026
polymer,12,4/18/2026
viewpoint,12,4/19/2026
hammer,12,4/20/2026
doll,12,4/21/2026
abolition,12,4/22/2026
conspiracy,12,4/23/2026
Vice-President,12,4/24/2026
genius,12,4/25/2026
rib,12,4/26/2026
exit,12,4/27/2026
accusation,12,4/28/2026
baron,12,4/29/2026
propaganda,12,4/30/2026
reporting,12,5/1/2026
sweat,12,5/2/2026
solo,12,5/3/2026
theology,12,5/4/2026
fury,12,5/5/2026
threshold,12,5/6/2026
trunk,12,5/7/2026
murderer,12,5/8/2026
spur,12,5/9/2026
fever,11,5/10/2026
flash,11,5/11/2026
opposite,11,5/12/2026
subscription,11,5/13/2026
impulse,11,5/14/2026
recipient,11,5/15/2026
bicycle,11,5/16/2026
locality,11,5/17/2026
amnesty,11,5/18/2026
keyboard,11,5/19/2026
ignorance,11,5/20/2026
quotation,11,5/21/2026
stool,11,5/22/2026
unionist,11,5/23/2026
ml,11,5/24/2026
adaptation,11,5/25/2026
renaissance,11,5/26/2026
balcony,11,5/27/2026
suburb,11,5/28/2026
butterfly,11,5/29/2026
repayment,11,5/30/2026
glimpse,11,5/31/2026
pillow,11,6/1/2026
scent,11,6/2/2026
pad,11,6/3/2026
electorate,11,6/4/2026
salvation,11,6/5/2026
landowner,11,6/6/2026
patrol,11,6/7/2026
wardrobe,11,6/8/2026
photography,11,6/9/2026
hostage,11,6/10/2026
prosperity,11,6/11/2026
pylorus,11,6/12/2026
sacrifice,11,6/13/2026
placement,11,6/14/2026
pepper,11,6/15/2026
hunger,11,6/16/2026
ballot,11,6/17/2026
assertion,11,6/18/2026
rev,11,6/19/2026
&pound;10,11,6/20/2026
warrior,11,6/21/2026
preservation,11,6/22/2026
solidarity,11,6/23/2026
alpha,11,6/24/2026
outfit,11,6/25/2026
luxury,11,6/26/2026
cast,11,6/27/2026
punch,11,6/28/2026
apparatus,11,6/29/2026
listener,11,6/30/2026
courtesy,11,7/1/2026
scholarship,11,7/2/2026
deadline,11,7/3/2026
inability,11,7/4/2026
majesty,11,7/5/2026
query,11,7/6/2026
close,11,7/7/2026
50%,11,7/8/2026
dominance,11,7/9/2026
supervisor,11,7/10/2026
survivor,11,7/11/2026
analogy,11,7/12/2026
pier,11,7/13/2026
dressing,11,7/14/2026
lobby,11,7/15/2026
bomber,11,7/16/2026
ending,11,7/17/2026
formulation,11,7/18/2026
sentiment,11,7/19/2026
romance,11,7/20/2026
hp,11,7/21/2026
descent,11,7/22/2026
performer,11,7/23/2026
cure,11,7/24/2026
englishman,11,7/25/2026
pudding,11,7/26/2026
folly,11,7/27/2026
lodge,11,7/28/2026
hunt,11,7/29/2026
racism,11,7/30/2026
decree,11,7/31/2026
bankruptcy,11,8/1/2026
reservoir,11,8/2/2026
monkey,11,8/3/2026
mainframe,11,8/4/2026
cassette,11,8/5/2026
liberal,11,8/6/2026
fisherman,11,8/7/2026
harvest,11,8/8/2026
clarity,11,8/9/2026
sediment,11,8/10/2026
liaison,11,8/11/2026
honey,11,8/12/2026
resentment,11,8/13/2026
projection,11,8/14/2026
chorus,11,8/15/2026
passport,11,8/16/2026
staircase,11,8/17/2026
investigator,11,8/18/2026
immigration,11,8/19/2026
retreat,11,8/20/2026
notebook,11,8/21/2026
broker,11,8/22/2026
ruin,11,8/23/2026
renewal,11,8/24/2026
bombing,11,8/25/2026
calf,11,8/26/2026
biology,11,8/27/2026
bin,11,8/28/2026
express,11,8/29/2026
privacy,11,8/30/2026
greenhouse,11,8/31/2026
deficiency,11,9/1/2026
brake,11,9/2/2026
warrant,11,9/3/2026
revenge,11,9/4/2026
rebellion,11,9/5/2026
jungle,11,9/6/2026
memorandum,11,9/7/2026
hatred,11,9/8/2026
insider,11,9/9/2026
superintendent,11,9/10/2026
pony,11,9/11/2026
ambiguity,11,9/12/2026
methodology,11,9/13/2026
monitor,11,9/14/2026
madame,11,9/15/2026
proceed,11,9/16/2026
20%,11,9/17/2026
fit,11,9/18/2026
appetite,11,9/19/2026
nuisance,11,9/20/2026
donor,11,9/21/2026
flour,11,9/22/2026
programming,11,9/23/2026
welcome,11,9/24/2026
triangle,11,9/25/2026
catch,11,9/26/2026
bladder,11,9/27/2026
daylight,11,9/28/2026
variant,11,9/29/2026
mucosa,11,9/30/2026
drill,11,10/1/2026
flock,11,10/2/2026
rifle,11,10/3/2026
newcomer,11,10/4/2026
japanese,11,10/5/2026
amusement,11,10/6/2026
copyright,11,10/7/2026
repetition,11,10/8/2026
mainland,11,10/9/2026
burial,11,10/10/2026
fog,11,10/11/2026
cult,11,10/12/2026
refuge,11,10/13/2026
fridge,11,10/14/2026
bearing,11,10/15/2026
boost,10,10/16/2026
default,10,10/17/2026
mug,10,10/18/2026
ego,10,10/19/2026
enjoyment,10,10/20/2026
wartime,10,10/21/2026
velocity,10,10/22/2026
fork,10,10/23/2026
aluminium,10,10/24/2026
prescription,10,10/25/2026
jar,10,10/26/2026
agony,10,10/27/2026
axis,10,10/28/2026
rainbow,10,10/29/2026
bowler,10,10/30/2026
reluctance,10,10/31/2026
gall,10,11/1/2026
jazz,10,11/2/2026
soviet,10,11/3/2026
vegetation,10,11/4/2026
knitting,10,11/5/2026
hemisphere,10,11/6/2026
commentary,10,11/7/2026
balloon,10,11/8/2026
bracket,10,11/9/2026
toast,10,11/10/2026
enthusiast,10,11/11/2026
para,10,11/12/2026
bass,10,11/13/2026
heap,10,11/14/2026
monarchy,10,11/15/2026
injunction,10,11/16/2026
spider,10,11/17/2026
gown,10,11/18/2026
lieutenant,10,11/19/2026
extreme,10,11/20/2026
bulb,10,11/21/2026
residue,10,11/22/2026
jam,10,11/23/2026
waiting,10,11/24/2026
fine,10,11/25/2026
hire,10,11/26/2026
nationalism,10,11/27/2026
semi-final,10,11/28/2026
irony,10,11/29/2026
asylum,10,11/30/2026
poison,10,12/1/2026
guild,10,12/2/2026
infrastructure,10,12/3/2026
biography,10,12/4/2026
pillar,10,12/5/2026
chord,10,12/6/2026
nationalist,10,12/7/2026
cargo,10,12/8/2026
dairy,10,12/9/2026
shilling,10,12/10/2026
north-west,10,12/11/2026
ram,10,12/12/2026
herd,10,12/13/2026
t-shirt,10,12/14/2026
magnitude,10,12/15/2026
rehearsal,10,12/16/2026
coral,10,12/17/2026
primary,10,12/18/2026
stadium,10,12/19/2026
reasoning,10,12/20/2026
brewery,10,12/21/2026
lb,10,12/22/2026
nationality,10,12/23/2026
mould,10,12/24/2026
blast,10,12/25/2026
ed,10,12/26/2026
scrap,10,12/27/2026
adjective,10,12/28/2026
elder,10,12/29/2026
contemporary,10,12/30/2026
waiter,10,12/31/2026
listing,10,1/1/2027
dirt,10,1/2/2027
housewife,10,1/3/2027
fax,10,1/4/2027
ribbon,10,1/5/2027
&pound;1,0,1/6/2027
ant,10,1/7/2027
colitis,10,1/8/2027
wheat,10,1/9/2027
spelling,10,1/10/2027
holly,10,1/11/2027
monarch,10,1/12/2027
voltage,10,1/13/2027
morale,10,1/14/2027
,,
,,
,,
,,
,,
,,
,,
,,
,,
,,
,,
,,
,,
,,
,,
,,
,,
,,
,,
,,
,,
,,
,,
,,
,,
,,
,,
,,
,,
,,
,,
,,
,,
,,
,,
,,
,,
,,
,,
,,
,,
,,
,,
,,
,,
,,
,,
,,
,,
,,
,,
,,
,,
,,
,,
,,
,,
,,
,,
,,
,,
,,
,,
,,
,,
,,
,,
,,
,,
,,
,,
,,
,,
,,
,,
,,
,,
,,
,,
,,
,,
,,
,,
,,
,,
,,
,,
,,
,,
,,
,,
,,
,,
,,
,,
,,
,,
,,
,,
,,
,,
,,
,,
,,
,,
,,
,,
,,
,,
,,
,,
,,
,,
,,
,,
,,
,,
,,
,,
,,
,,
,,
,,
,,
,,
,,
,,
,,
,,
,,
,,
,,
,,
,,
,,
,,
,,
,,
,,
,,
,,
,,
,,
,,
,,
,,
,,
,,
,,
,,
,,
,,
,,
,,
,,
,,
,,
,,
,,
,,
,,
,,
,,
,,
,,
,,
,,
,,
,,
,,
,,
,,
,,
,,
,,
,,
,,
,,
,,
,,
,,
,,
,,
,,
,,
,,
,,
,,
,,
,,
,,
,,
,,
,,
,,
,,
,,
,,
,,
,,
,,
,,
,,
,,
,,
,,
,,
,,
,,
,,
,,
,,
,,
,,
,,
,,
,,
,,
,,
,,
,,
,,
,,
,,
,,
,,
,,
,,
,,
,,
,,
,,
,,
,,
,,
,,
,,
,,
,,
,,
,,
,,
,,
,,
,,
,,
,,
,,
,,
,,
,,
,,
,,
,,
,,
,,
,,
,,
,,
,,
,,
,,
,,
,,
,,
,,
,,
,,
,,
,,
,,
,,
,,
,,
,,
,,
,,
,,
,,
,,
,,
,,
,,
,,
,,
,,
,,
,,
,,
,,
,,
,,
,,
,,
,,
,,
,,
,,
,,
,,
,,
,,
,,
,,
,,
,,
,,
,,
,,
,,
,,
,,
,,
,,
,,
,,
,,
,,
,,
,,
,,
,,
,,
,,
,,
,,
,,
,,
,,
,,
,,
,,
,,
,,
,,
,,
,,
,,
,,
,,
,,
,,
,,
,,
,,
,,
,,
,,
,,
,,
,,
,,
,,
,,
,,
,,
,,
,,
,,
,,
,,
,,
,,
,,
,,
,,
,,
,,
,,
,,
,,
,,
,,
,,
,,
,,
,,
,,
,,
,,
,,
,,
,,
,,
,,
,,
,,
,,
,,
,,
,,
,,
,,
,,
,,
,,
,,
,,
,,
,,
,,
,,
,,
,,
,,
,,
,,
,,
,,
,,
,,
,,
,,
,,
,,
,,
,,
,,
,,
,,
,,
,,
,,
,,
,,
,,
,,
,,
,,
,,
,,
,,
,,
,,
,,
,,
,,
,,
,,
,,
,,
,,
,,
,,
,,
,,
,,
,,
,,
,,
,,
,,
,,
,,
